<?xml version="1.0" encoding="utf-8" ?>
<dwsync>
<file name="datatables-select.min.css" server="access796961342.webspace-data.io" local="132328250157827394" remote="132335152200000000" Dst="2" />
<file name="datatables-select.min.css.map" server="access796961342.webspace-data.io" local="132328250158685112" remote="132335152200000000" Dst="2" />
<file name="datatables-select2.min.css" server="access796961342.webspace-data.io" local="132328250158016900" remote="132335152200000000" Dst="2" />
<file name="datatables-select2.min.css.map" server="access796961342.webspace-data.io" local="132328250157488309" remote="132335152200000000" Dst="2" />
<file name="datatables.min.css" server="access796961342.webspace-data.io" local="132328250158515563" remote="132335152200000000" Dst="2" />
<file name="datatables.min.css.map" server="access796961342.webspace-data.io" local="132328250158346017" remote="132335152200000000" Dst="2" />
<file name="datatables2.min.css" server="access796961342.webspace-data.io" local="132328250159044152" remote="132335152200000000" Dst="2" />
<file name="datatables2.min.css.map" server="access796961342.webspace-data.io" local="132328250157647884" remote="132335152200000000" Dst="2" />
<file name="directives.min.css" server="access796961342.webspace-data.io" local="132328250156630602" remote="132335152200000000" Dst="2" />
<file name="directives.min.css.map" server="access796961342.webspace-data.io" local="132328250158176471" remote="132335152200000000" Dst="2" />
<file name="flag.min.css" server="access796961342.webspace-data.io" local="132328250158864634" remote="132335152200000000" Dst="2" />
<file name="flag.min.css.map" server="access796961342.webspace-data.io" local="132328250156800149" remote="132335152200000000" Dst="2" />
<file name="jquery.zmd.hierarchical-display.min.css" server="access796961342.webspace-data.io" local="132328250156461045" remote="132335152200000000" Dst="2" />
<file name="jquery.zmd.hierarchical-display.min.css.map" server="access796961342.webspace-data.io" local="132328250157308781" remote="132335152200000000" Dst="2" />
<file name="rating.min.css" server="access796961342.webspace-data.io" local="132328250156959723" remote="132335152200000000" Dst="2" />
<file name="rating.min.css.map" server="access796961342.webspace-data.io" local="132328250157129269" remote="132335152200000000" Dst="2" />
</dwsync>