<?xml version="1.0" encoding="utf-8" ?>
<dwsync>
<file name="cards-extended.min.css" server="access796961342.webspace-data.io" local="132328250160669809" remote="132335152200000000" Dst="2" />
<file name="cards-extended.min.css.map" server="access796961342.webspace-data.io" local="132328250159433116" remote="132335152200000000" Dst="2" />
<file name="chat.min.css" server="access796961342.webspace-data.io" local="132328250160849331" remote="132335152200000000" Dst="2" />
<file name="chat.min.css.map" server="access796961342.webspace-data.io" local="132328250161208365" remote="132335152200000000" Dst="2" />
<file name="multi-range.min.css" server="access796961342.webspace-data.io" local="132328250160131236" remote="132335152200000000" Dst="2" />
<file name="multi-range.min.css.map" server="access796961342.webspace-data.io" local="132328250159961700" remote="132335152200000000" Dst="2" />
<file name="simple-charts.min.css" server="access796961342.webspace-data.io" local="132328250159263569" remote="132335152200000000" Dst="2" />
<file name="simple-charts.min.css.map" server="access796961342.webspace-data.io" local="132328250159612623" remote="132335152200000000" Dst="2" />
<file name="steppers.min.css" server="access796961342.webspace-data.io" local="132328250160480304" remote="132335152200000000" Dst="2" />
<file name="steppers.min.css.map" server="access796961342.webspace-data.io" local="132328250159782168" remote="132335152200000000" Dst="2" />
<file name="timeline.min.css" server="access796961342.webspace-data.io" local="132328250161028834" remote="132335152200000000" Dst="2" />
<file name="timeline.min.css.map" server="access796961342.webspace-data.io" local="132328250160300793" remote="132335152200000000" Dst="2" />
</dwsync>