<?xml version="1.0" encoding="utf-8" ?>
<dwsync>
<file name="datatables-select.min.js" server="access796961342.webspace-data.io" local="132328250173276600" remote="132335152200000000" Dst="2" />
<file name="datatables-select.min.js.map" server="access796961342.webspace-data.io" local="132328250171950148" remote="132335152200000000" Dst="2" />
<file name="datatables-select2.min.js" server="access796961342.webspace-data.io" local="132328250170932877" remote="132335152200000000" Dst="2" />
<file name="datatables-select2.min.js.map" server="access796961342.webspace-data.io" local="132328250171710804" remote="132335152200000000" Dst="2" />
<file name="datatables.min.js" server="access796961342.webspace-data.io" local="132328250172119685" remote="132335152200000000" Dst="2" />
<file name="datatables.min.js.map" server="access796961342.webspace-data.io" local="132328250172558525" remote="132335152200000000" Dst="2" />
<file name="datatables2.min.js" server="access796961342.webspace-data.io" local="132328250174054868" remote="132335152200000000" Dst="2" />
<file name="datatables2.min.js.map" server="access796961342.webspace-data.io" local="132328250173894928" remote="132335152200000000" Dst="2" />
<file name="directives.min.js" server="access796961342.webspace-data.io" local="132328250171481417" remote="132335152200000000" Dst="2" />
<file name="directives.min.js.map" server="access796961342.webspace-data.io" local="132328250172738039" remote="132335152200000000" Dst="2" />
<file name="flag.min.js" server="access796961342.webspace-data.io" local="132328250170573829" remote="132335152200000000" Dst="2" />
<file name="flag.min.js.map" server="access796961342.webspace-data.io" local="132328250173625931" remote="132335152200000000" Dst="2" />
<file name="imagesloaded.pkgd.min.js" server="access796961342.webspace-data.io" local="132328250172289242" remote="132335152200000000" Dst="2" />
<file name="imagesloaded.pkgd.min.js.map" server="access796961342.webspace-data.io" local="132328250170414249" remote="132335152200000000" Dst="2" />
<file name="jquery.zmd.hierarchical-display.min.js" server="access796961342.webspace-data.io" local="132328250173436254" remote="132335152200000000" Dst="2" />
<file name="jquery.zmd.hierarchical-display.min.js.map" server="access796961342.webspace-data.io" local="132328250173126991" remote="132335152200000000" Dst="2" />
<file name="masonry.pkgd.min.js" server="access796961342.webspace-data.io" local="132328250171321831" remote="132335152200000000" Dst="2" />
<file name="masonry.pkgd.min.js.map" server="access796961342.webspace-data.io" local="132328250171162254" remote="132335152200000000" Dst="2" />
<file name="rating.min.js" server="access796961342.webspace-data.io" local="132328250172907587" remote="132335152200000000" Dst="2" />
<file name="rating.min.js.map" server="access796961342.webspace-data.io" local="132328250170773281" remote="132335152200000000" Dst="2" />
</dwsync>