<?xml version="1.0" encoding="utf-8" ?>
<dwsync>
<file name="accordion-extended.min.js" server="access796961342.webspace-data.io" local="132328250182382449" remote="132335152200000000" Dst="2" />
<file name="accordion-extended.min.js.map" server="access796961342.webspace-data.io" local="132328250180018572" remote="132335152200000000" Dst="2" />
<file name="animations-extended.min.js" server="access796961342.webspace-data.io" local="132328250181833725" remote="132335152200000000" Dst="2" />
<file name="animations-extended.min.js.map" server="access796961342.webspace-data.io" local="132328250183429463" remote="132335152200000000" Dst="2" />
<file name="buttons.min.js" server="access796961342.webspace-data.io" local="132328250177575181" remote="132335152200000000" Dst="2" />
<file name="buttons.min.js.map" server="access796961342.webspace-data.io" local="132328250179460075" remote="132335152200000000" Dst="2" />
<file name="cards.min.js" server="access796961342.webspace-data.io" local="132328250177016941" remote="132335152200000000" Dst="2" />
<file name="cards.min.js.map" server="access796961342.webspace-data.io" local="132328250184157662" remote="132335152200000000" Dst="2" />
<file name="character-counter.min.js" server="access796961342.webspace-data.io" local="132328250176697439" remote="132335152200000000" Dst="2" />
<file name="character-counter.min.js.map" server="access796961342.webspace-data.io" local="132328250180557171" remote="132335152200000000" Dst="2" />
<file name="chips.min.js" server="access796961342.webspace-data.io" local="132328250182212724" remote="132335152200000000" Dst="2" />
<file name="chips.min.js.map" server="access796961342.webspace-data.io" local="132328250182063120" remote="132335152200000000" Dst="2" />
<file name="collapsible.min.js" server="access796961342.webspace-data.io" local="132328250183569089" remote="132335152200000000" Dst="2" />
<file name="collapsible.min.js.map" server="access796961342.webspace-data.io" local="132328250183050486" remote="132335152200000000" Dst="2" />
<file name="file-input.min.js" server="access796961342.webspace-data.io" local="132328250180367637" remote="132335152200000000" Dst="2" />
<file name="file-input.min.js.map" server="access796961342.webspace-data.io" local="132328250178662247" remote="132335152200000000" Dst="2" />
<file name="forms-free.min.js" server="access796961342.webspace-data.io" local="132328250182721356" remote="132335152200000000" Dst="2" />
<file name="forms-free.min.js.map" server="access796961342.webspace-data.io" local="132328250180228021" remote="132335152200000000" Dst="2" />
<file name="lightbox.min.js" server="access796961342.webspace-data.io" local="132328250178472722" remote="132335152200000000" Dst="2" />
<file name="lightbox.min.js.map" server="access796961342.webspace-data.io" local="132328250183928178" remote="132335152200000000" Dst="2" />
<file name="mdb-autocomplete.min.js" server="access796961342.webspace-data.io" local="132328250179809144" remote="132335152200000000" Dst="2" />
<file name="mdb-autocomplete.min.js.map" server="access796961342.webspace-data.io" local="132328250181684127" remote="132335152200000000" Dst="2" />
<file name="megamenu.min.js" server="access796961342.webspace-data.io" local="132328250183210055" remote="132335152200000000" Dst="2" />
<file name="megamenu.min.js.map" server="access796961342.webspace-data.io" local="132328250179041216" remote="132335152200000000" Dst="2" />
<file name="parallax.min.js" server="access796961342.webspace-data.io" local="132328250178143602" remote="132335152200000000" Dst="2" />
<file name="parallax.min.js.map" server="access796961342.webspace-data.io" local="132328250179669514" remote="132335152200000000" Dst="2" />
<file name="preloading.min.js" server="access796961342.webspace-data.io" local="132328250177385911" remote="132335152200000000" Dst="2" />
<file name="preloading.min.js.map" server="access796961342.webspace-data.io" local="132328250181484666" remote="132335152200000000" Dst="2" />
<file name="range-input.min.js" server="access796961342.webspace-data.io" local="132328250176866987" remote="132335152200000000" Dst="2" />
<file name="range-input.min.js.map" server="access796961342.webspace-data.io" local="132328250177226046" remote="132335152200000000" Dst="2" />
<file name="scrolling-navbar.min.js" server="access796961342.webspace-data.io" local="132328250180926155" remote="132335152200000000" Dst="2" />
<file name="scrolling-navbar.min.js.map" server="access796961342.webspace-data.io" local="132328250182571746" remote="132335152200000000" Dst="2" />
<file name="sidenav.min.js" server="access796961342.webspace-data.io" local="132328250183728665" remote="132335152200000000" Dst="2" />
<file name="sidenav.min.js.map" server="access796961342.webspace-data.io" local="132328250180776604" remote="132335152200000000" Dst="2" />
<file name="smooth-scroll.min.js" server="access796961342.webspace-data.io" local="132328250178303156" remote="132335152200000000" Dst="2" />
<file name="smooth-scroll.min.js.map" server="access796961342.webspace-data.io" local="132328250179260642" remote="132335152200000000" Dst="2" />
<file name="sticky.min.js" server="access796961342.webspace-data.io" local="132328250182851017" remote="132335152200000000" Dst="2" />
<file name="sticky.min.js.map" server="access796961342.webspace-data.io" local="132328250181115648" remote="132335152200000000" Dst="2" />
<file name="treeview.min.js" server="access796961342.webspace-data.io" local="132328250181275223" remote="132335152200000000" Dst="2" />
<file name="treeview.min.js.map" server="access796961342.webspace-data.io" local="132328250178861677" remote="132335152200000000" Dst="2" />
<file name="wow.min.js" server="access796961342.webspace-data.io" local="132328250177744671" remote="132335152200000000" Dst="2" />
<file name="wow.min.js.map" server="access796961342.webspace-data.io" local="132328250177964062" remote="132335152200000000" Dst="2" />
</dwsync>