<?xml version="1.0" encoding="utf-8" ?>
<dwsync>
<file name="accordion-extended.min.css" server="access796961342.webspace-data.io" local="132328250163631899" remote="132335152200000000" Dst="2" />
<file name="accordion-extended.min.css.map" server="access796961342.webspace-data.io" local="132328250162704378" remote="132335152200000000" Dst="2" />
<file name="animations-extended.min.css" server="access796961342.webspace-data.io" local="132328250161457689" remote="132335152200000000" Dst="2" />
<file name="animations-extended.min.css.map" server="access796961342.webspace-data.io" local="132328250162086071" remote="132335152200000000" Dst="2" />
<file name="lightbox.min.css" server="access796961342.webspace-data.io" local="132328250163183144" remote="132335152200000000" Dst="2" />
<file name="lightbox.min.css.map" server="access796961342.webspace-data.io" local="132328250163402526" remote="132335152200000000" Dst="2" />
<file name="megamenu.min.css" server="access796961342.webspace-data.io" local="132328250161836689" remote="132335152200000000" Dst="2" />
<file name="megamenu.min.css.map" server="access796961342.webspace-data.io" local="132328250161657161" remote="132335152200000000" Dst="2" />
<file name="parallax.min.css" server="access796961342.webspace-data.io" local="132328250162415177" remote="132335152200000000" Dst="2" />
<file name="parallax.min.css.map" server="access796961342.webspace-data.io" local="132328250162933784" remote="132335152200000000" Dst="2" />
</dwsync>