<?xml version="1.0" encoding="utf-8" ?>
<dwsync>
<file name="dh1.css" server="access796961342.webspace-data.io" local="132249515400000000" remote="132335152200000000" Dst="2" />
<file name="bootstrap-4.4.1.css" server="access796961342.webspace-data.io" local="132248686500000000" remote="132335152200000000" Dst="2" />
<file name="style.css" server="access796961342.webspace-data.io" local="132314295419938065" remote="132335152200000000" Dst="2" />
<file name="bootstrap.css" server="access796961342.webspace-data.io" local="132328250154486337" remote="132335152200000000" Dst="2" />
<file name="bootstrap.min.css" server="access796961342.webspace-data.io" local="132328250155772897" remote="132335152200000000" Dst="2" />
<file name="mdb.css" server="access796961342.webspace-data.io" local="132328250154695774" remote="132335152200000000" Dst="2" />
<file name="mdb.lite.css" server="access796961342.webspace-data.io" local="132328250156012258" remote="132335152200000000" Dst="2" />
<file name="mdb.lite.min.css" server="access796961342.webspace-data.io" local="132328250155583403" remote="132335152200000000" Dst="2" />
<file name="mdb.lite.min.css.map" server="access796961342.webspace-data.io" local="132328250154905287" remote="132335152200000000" Dst="2" />
<file name="mdb.min.css" server="access796961342.webspace-data.io" local="132328250156231669" remote="132335152200000000" Dst="2" />
<file name="mdb.min.css.map" server="access796961342.webspace-data.io" local="132328250155174495" remote="132335152200000000" Dst="2" />
</dwsync>