<?xml version="1.0" encoding="utf-8" ?>
<dwsync>
<file name="bootstrap-4.3.1.js" server="access796961342.webspace-data.io" local="132249515400000000" remote="132335152200000000" Dst="2" />
<file name="jquery-3.3.1.min.js" server="access796961342.webspace-data.io" local="132249515400000000" remote="132335152200000000" Dst="2" />
<file name="popper.min.js" server="access796961342.webspace-data.io" local="132249515400000000" remote="132335152200000000" Dst="2" />
<file name="jquery-3.4.1.min.js" server="access796961342.webspace-data.io" local="132248686500000000" remote="132335152200000000" Dst="2" />
<file name="bootstrap-4.4.1.js" server="access796961342.webspace-data.io" local="132248686500000000" remote="132335152200000000" Dst="2" />
<file name="bootstrap.js" server="access796961342.webspace-data.io" local="132328250169895631" remote="132335152200000000" Dst="2" />
<file name="bootstrap.min.js" server="access796961342.webspace-data.io" local="132328250169536588" remote="132335152200000000" Dst="2" />
<file name="jquery.js" server="access796961342.webspace-data.io" local="132328250168649044" remote="132335152200000000" Dst="2" />
<file name="jquery.min.js" server="access796961342.webspace-data.io" local="132328250169706176" remote="132335152200000000" Dst="2" />
<file name="mdb.js" server="access796961342.webspace-data.io" local="132328250170164910" remote="132335152200000000" Dst="2" />
<file name="mdb.lite.js" server="access796961342.webspace-data.io" local="132328250169396980" remote="132335152200000000" Dst="2" />
<file name="mdb.lite.min.js" server="access796961342.webspace-data.io" local="132328250168180229" remote="132335152200000000" Dst="2" />
<file name="mdb.lite.min.js.map" server="access796961342.webspace-data.io" local="132328250168449494" remote="132335152200000000" Dst="2" />
<file name="mdb.min.js" server="access796961342.webspace-data.io" local="132328250169207473" remote="132335152200000000" Dst="2" />
<file name="mdb.min.js.map" server="access796961342.webspace-data.io" local="132328250168010666" remote="132335152200000000" Dst="2" />
<file name="popper.js" server="access796961342.webspace-data.io" local="132328250168968119" remote="132335152200000000" Dst="2" />
</dwsync>