<?xml version="1.0" encoding="utf-8" ?>
<dwsync>
<file name="cards-extended.min.js" server="access796961342.webspace-data.io" local="132328250175740415" remote="132335152200000000" Dst="2" />
<file name="cards-extended.min.js.map" server="access796961342.webspace-data.io" local="132328250176288823" remote="132335152200000000" Dst="2" />
<file name="chat.min.js" server="access796961342.webspace-data.io" local="132328250176049181" remote="132335152200000000" Dst="2" />
<file name="chat.min.js.map" server="access796961342.webspace-data.io" local="132328250175410895" remote="132335152200000000" Dst="2" />
<file name="multi-range.min.js" server="access796961342.webspace-data.io" local="132328250175580487" remote="132335152200000000" Dst="2" />
<file name="multi-range.min.js.map" server="access796961342.webspace-data.io" local="132328250174503606" remote="132335152200000000" Dst="2" />
<file name="simple-charts.min.js" server="access796961342.webspace-data.io" local="132328250175141813" remote="132335152200000000" Dst="2" />
<file name="simple-charts.min.js.map" server="access796961342.webspace-data.io" local="132328250174972077" remote="132335152200000000" Dst="2" />
<file name="steppers.min.js" server="access796961342.webspace-data.io" local="132328250174283909" remote="132335152200000000" Dst="2" />
<file name="steppers.min.js.map" server="access796961342.webspace-data.io" local="132328250174742688" remote="132335152200000000" Dst="2" />
<file name="timeline.min.js" server="access796961342.webspace-data.io" local="132328250175899878" remote="132335152200000000" Dst="2" />
<file name="timeline.min.js.map" server="access796961342.webspace-data.io" local="132328250176498121" remote="132335152200000000" Dst="2" />
</dwsync>